,train_iter,train_frac,shuffle,rmse_train,hits_train,misses_train,falsepos_train,ndetects_train,pck_train,rpck_train,rmse_test,hits_test,misses_test,falsepos_test,ndetects_test,pck_test,rpck_test
0,20000.0,95.0,1.0,2.286545133534316,16.798554652213188,0.5194218608852755,0.6440831074977417,1.3613369467028003,0.9472886227445168,0.8747697923820578,5.0169415107790005,17.314285714285713,0.7857142857142857,0.7857142857142857,1.4142857142857144,0.7492002210270067,0.7304501073731012
